episode,step_count,total_reward,path_completion_pct,mean_cross_track_error,mean_heading_error
1,654,907.6254566088319,100.0,0.10151651251141758,0.15917657347629557
2,4000,795.3280314262956,100.0,0.0241010078593133,0.242044083237648
3,542,910.7141359257512,100.0,0.11441651215406443,0.1443784135734023
4,729,903.6569693982601,100.0,0.09421842117293037,0.18024083943360464
5,4000,748.3559568505734,100.0,0.044955189581773525,0.42419632905721666
